1;Birgitt ;Schmidt;20.04.1969;6217780989;Birgitt.Schmidt@sunshineparks.de;23;E;$2y$10$dsZfBjVdpw.6X5oQGALNIewFRy6/Mi9OHBCa0PvjcfnVQ6R0KnaGi
2;Rainer ;Zufall;15.08.1988;9769814023;Rainer.Zufall@sunshineparks.de;47;E;$2y$10$dsZfBjVdpw.6X5oQGALNIewFRy6/Mi9OHBCa0PvjcfnVQ6R0KnaGi
3;Heinz;Aal;05.01.1973;7386451086;Heinz.Aal@sunshineparks.de;40;E;$2y$10$dsZfBjVdpw.6X5oQGALNIewFRy6/Mi9OHBCa0PvjcfnVQ6R0KnaGi
4;Uta;Zaun;14.09.1979;2720655062;Uta.Zaun@sunshineparks.de;24;E;$2y$10$dsZfBjVdpw.6X5oQGALNIewFRy6/Mi9OHBCa0PvjcfnVQ6R0KnaGi
5;Sabine;Meier;18.03.1993;8722572513;Sabine.Meier@sunshineparks.de;25;E;$2y$10$dsZfBjVdpw.6X5oQGALNIewFRy6/Mi9OHBCa0PvjcfnVQ6R0KnaGi
6;Phillip;Franke;10.06.1994;8920989094;Phillip.Franke@sunshineparks.de;26;E;$2y$10$dsZfBjVdpw.6X5oQGALNIewFRy6/Mi9OHBCa0PvjcfnVQ6R0KnaGi
7;Lukas;Lang;27.11.1998;7422988599;Lukas.Lang@sunshineparks.de;27;E;$2y$10$dsZfBjVdpw.6X5oQGALNIewFRy6/Mi9OHBCa0PvjcfnVQ6R0KnaGi
8;Anna;Antoni;22.02.2002;7533356159;Anna.Antoni@sunshineparks.de;41;E;$2y$10$dsZfBjVdpw.6X5oQGALNIewFRy6/Mi9OHBCa0PvjcfnVQ6R0KnaGi
9;Julia;Junker;09.07.1997;3981770570;Julia.Junker@sunshineparks.de;48;E;$2y$10$dsZfBjVdpw.6X5oQGALNIewFRy6/Mi9OHBCa0PvjcfnVQ6R0KnaGi
10;Maria;Marktgraf;24.12.1997;5274706867;Maria.Marktgraf@sunshineparks.de;28;E;$2y$10$dsZfBjVdpw.6X5oQGALNIewFRy6/Mi9OHBCa0PvjcfnVQ6R0KnaGi
11;Heinz;Halslos;12.12.1966;4556560045;Heinz.Halslos@sunshineparks.de;29;E;$2y$10$dsZfBjVdpw.6X5oQGALNIewFRy6/Mi9OHBCa0PvjcfnVQ6R0KnaGi
12;Ernst;Haft;17.03.1970;9506513565;Ernst.Haft@sunshineparks.de;30;E;$2y$10$dsZfBjVdpw.6X5oQGALNIewFRy6/Mi9OHBCa0PvjcfnVQ6R0KnaGi
13;Elfriede;Ebbe;26.09.1959;8853172578;Elfriede.Ebbe@sunshineparks.de;31;E;$2y$10$dsZfBjVdpw.6X5oQGALNIewFRy6/Mi9OHBCa0PvjcfnVQ6R0KnaGi
14;Olaf;Olafson;06.07.1981;2044104112;Olaf.Olafson@sunshineparks.de;42;E;$2y$10$dsZfBjVdpw.6X5oQGALNIewFRy6/Mi9OHBCa0PvjcfnVQ6R0KnaGi
15;Oliver;Obermayer;08.10.1978;4201993332;Oliver.Obermayer@sunshineparks.de;43;E;$2y$10$dsZfBjVdpw.6X5oQGALNIewFRy6/Mi9OHBCa0PvjcfnVQ6R0KnaGi
16;Ulrich;Untermayer;04.02.1973;4323050032;Ulrich.Untermayer@sunshineparks.de;49;E;$2y$10$dsZfBjVdpw.6X5oQGALNIewFRy6/Mi9OHBCa0PvjcfnVQ6R0KnaGi
17;Nils;Nase;09.03.1981;8928720248;Nils.Nase@sunshineparks.de;50;E;$2y$10$dsZfBjVdpw.6X5oQGALNIewFRy6/Mi9OHBCa0PvjcfnVQ6R0KnaGi
18;Zoe;Zahn;10.10.1990;9014536497;Zoe.Zahn@sunshineparks.de;32;E;$2y$10$dsZfBjVdpw.6X5oQGALNIewFRy6/Mi9OHBCa0PvjcfnVQ6R0KnaGi
19;Ivan;Ilcenko;05.12.1978;5886757856;Ivan.Ilcenko@sunshineparks.de;33;E;$2y$10$dsZfBjVdpw.6X5oQGALNIewFRy6/Mi9OHBCa0PvjcfnVQ6R0KnaGi
20;Walter;Wacker;06.11.1974;7577797599;Walter.Wacker@sunshineparks.de;44;E;$2y$10$dsZfBjVdpw.6X5oQGALNIewFRy6/Mi9OHBCa0PvjcfnVQ6R0KnaGi
21;Yvonne;Ilmenau;09.08.1989;6851225656;Yvonne.Ilmenau@sunshineparks.de;51;E;$2y$10$dsZfBjVdpw.6X5oQGALNIewFRy6/Mi9OHBCa0PvjcfnVQ6R0KnaGi
22;Aaron;Aal;16.07.1988;6052582879;Aaron.Aal@sunshineparks.de;34;E;$2y$10$dsZfBjVdpw.6X5oQGALNIewFRy6/Mi9OHBCa0PvjcfnVQ6R0KnaGi
23;Jacob;Krönung;14.03.1979;8692744915;Jacob.Krönung@sunshineparks.de;35;E;$2y$10$dsZfBjVdpw.6X5oQGALNIewFRy6/Mi9OHBCa0PvjcfnVQ6R0KnaGi
24;Dieter;Däuble;04.08.1958;5219640683;Dieter.Däuble@sunshineparks.de;36;E;$2y$10$dsZfBjVdpw.6X5oQGALNIewFRy6/Mi9OHBCa0PvjcfnVQ6R0KnaGi
25;Dario;Dössler;03.03.2002;6952578235;Dario.Dössler@sunshineparks.de;37;A;$2y$10$dsZfBjVdpw.6X5oQGALNIewFRy6/Mi9OHBCa0PvjcfnVQ6R0KnaGi
26;Robin;Horris;24.01.1997;9456278823;Robin.Horris@sunshineparks.de;38;E;$2y$10$dsZfBjVdpw.6X5oQGALNIewFRy6/Mi9OHBCa0PvjcfnVQ6R0KnaGi
27;Hendrik;Londeckel;10.05.1996;4148768545;Hendrik.Londeckel@sunshineparks.de;39;E;$2y$10$dsZfBjVdpw.6X5oQGALNIewFRy6/Mi9OHBCa0PvjcfnVQ6R0KnaGi
28;Max;Scholenz;28.09.2001;8232772295;Max.Scholenz@sunshineparks.de;21;E;$2y$10$dsZfBjVdpw.6X5oQGALNIewFRy6/Mi9OHBCa0PvjcfnVQ6R0KnaGi
29;Yannick;Soltrecht;30.08.2001;3659051759;Yannick.Soltrecht@sunshineparks.de;22;E;$2y$10$dsZfBjVdpw.6X5oQGALNIewFRy6/Mi9OHBCa0PvjcfnVQ6R0KnaGi
30;Florenz;Runz;06.12.1997;9038676318;Florenz.Runz@sunshineparks.de;55;E;$2y$10$dsZfBjVdpw.6X5oQGALNIewFRy6/Mi9OHBCa0PvjcfnVQ6R0KnaGi
31;Hardy;Part;01.01.1955;6792322685;Hardy.Part@sunshineparks.de;56;E;$2y$10$dsZfBjVdpw.6X5oQGALNIewFRy6/Mi9OHBCa0PvjcfnVQ6R0KnaGi
32;Paul;Pulmoll;31.01.1977;7514773459;Paul.Pulmoll@sunshineparks.de;57;E;$2y$10$dsZfBjVdpw.6X5oQGALNIewFRy6/Mi9OHBCa0PvjcfnVQ6R0KnaGi
33;Jasper;Kasper;15.04.1992;8586253537;Jasper.Kasper@sunshineparks.de;58;E;$2y$10$dsZfBjVdpw.6X5oQGALNIewFRy6/Mi9OHBCa0PvjcfnVQ6R0KnaGi
34;Günther;Gübelmann;06.03.1973;7069540479;Günther.Gübelmann@sunshineparks.de;4;E;$2y$10$dsZfBjVdpw.6X5oQGALNIewFRy6/Mi9OHBCa0PvjcfnVQ6R0KnaGi
35;Reiner;Richter;29.11.1982;7545761322;Reiner.Richter@sunshineparks.de;52;E;$2y$10$dsZfBjVdpw.6X5oQGALNIewFRy6/Mi9OHBCa0PvjcfnVQ6R0KnaGi
36;Till;Tilsiter;08.06.1968;7765232629;Till.Tilsiter@sunshineparks.de;53;E;$2y$10$dsZfBjVdpw.6X5oQGALNIewFRy6/Mi9OHBCa0PvjcfnVQ6R0KnaGi
37;Günther;Gümpel;12.09.1959;2799245426;Günther.Gümpel@sunshineparks.de;54;E;$2y$10$dsZfBjVdpw.6X5oQGALNIewFRy6/Mi9OHBCa0PvjcfnVQ6R0KnaGi
38;Bernd;Hahn;01.02.2000;5219640683;Bernd.Hahn@guest.de;59;G;$2y$10$dsZfBjVdpw.6X5oQGALNIewFRy6/Mi9OHBCa0PvjcfnVQ6R0KnaGi
39;Thomas;Müller;27.07.1994;6952578235;Thomas.Müller@guest.de;60;G;$2y$10$dsZfBjVdpw.6X5oQGALNIewFRy6/Mi9OHBCa0PvjcfnVQ6R0KnaGi
40;Philipp;Schweinsteiger;04.10.1990;9456278823;Philipp.Schweinsteiger@guest.de;61;G;$2y$10$dsZfBjVdpw.6X5oQGALNIewFRy6/Mi9OHBCa0PvjcfnVQ6R0KnaGi
41;Svenja;Lahm;03.10.1990;4148768545;Svenja.Lahm@guest.de;62;G;$2y$10$dsZfBjVdpw.6X5oQGALNIewFRy6/Mi9OHBCa0PvjcfnVQ6R0KnaGi
42;Bastian;Kruse;09.11.1989;8232772295;Bastian.Kruse@guest.de;63;G;$2y$10$dsZfBjVdpw.6X5oQGALNIewFRy6/Mi9OHBCa0PvjcfnVQ6R0KnaGi
43;Friedrich;Meier;17.06.1953;3659051759;Friedrich.Meier@guest.de;64;G;$2y$10$dsZfBjVdpw.6X5oQGALNIewFRy6/Mi9OHBCa0PvjcfnVQ6R0KnaGi
44;Robert;Ulrich;15.04.2001;9038676318;Robert.Ulrich@guest.de;65;G;$2y$10$dsZfBjVdpw.6X5oQGALNIewFRy6/Mi9OHBCa0PvjcfnVQ6R0KnaGi
45;David ;Heinke;19.06.1975;6792322685;David.Heinke@guest.de;66;G;$2y$10$dsZfBjVdpw.6X5oQGALNIewFRy6/Mi9OHBCa0PvjcfnVQ6R0KnaGi
46;Dorotheen;Schmidt;17.09.1983;7514773459;Dorotheen.Schmidt@guest.de;67;G;$2y$10$dsZfBjVdpw.6X5oQGALNIewFRy6/Mi9OHBCa0PvjcfnVQ6R0KnaGi
47;Sylvia;Heinrich;29.06.1961;8586253537;Sylvia.Heinrich@guest.de;68;G;$2y$10$dsZfBjVdpw.6X5oQGALNIewFRy6/Mi9OHBCa0PvjcfnVQ6R0KnaGi
48;Hendrik;Lendeckel;22.10.1996;15140244595;hendrik.lendeckel@fh-erfurt.de;62;A;$2y$10$dsZfBjVdpw.6X5oQGALNIewFRy6/Mi9OHBCa0PvjcfnVQ6R0KnaGi
