1;1;SuPa/assets/graphics/Objekte/Appartment/Erfurt/Erfurt1.jpg;Beschreibung
2;2;SuPa/assets/graphics/Objekte/Appartment/Erfurt/Erfurt2.jpg;Beschreibung
3;3;SuPa/assets/graphics/Objekte/Appartment/Erfurt/Erfurt3.jpg;Beschreibung
4;4;SuPa/assets/graphics/Objekte/Appartment/Erfurt/Erfurt4.jpg;Beschreibung
5;5;SuPa/assets/graphics/Objekte/Appartment/Erfurt/Erfurt5.jpg;Beschreibung
6;6;SuPa/assets/graphics/Objekte/Haus/Erfurt/Erfurt1.jpg;Beschreibung
7;7;SuPa/assets/graphics/Objekte/Haus/Erfurt/Erfurt2.jpg;Beschreibung
8;8;SuPa/assets/graphics/Objekte/Haus/Erfurt/Erfurt3.jpg;Beschreibung
9;9;SuPa/assets/graphics/Objekte/Appartment/Oberhof/Oberhof1.jpg;Beschreibung
10;10;SuPa/assets/graphics/Objekte/Appartment/Oberhof/Oberhof2.jpg;Beschreibung
11;11;SuPa/assets/graphics/Objekte/Appartment/Oberhof/Oberhof3.jpg;Beschreibung
12;12;SuPa/assets/graphics/Objekte/Appartment/Oberhof/Oberhof4.jpg;Beschreibung
13;13;SuPa/assets/graphics/Objekte/Appartment/Oberhof/Oberhof5.jpg;Beschreibung
14;14;SuPa/assets/graphics/Objekte/Haus/Oberhof/Oberhof1.jpg;Beschreibung
15;15;SuPa/assets/graphics/Objekte/Haus/Oberhof/Oberhof2.jpg;Beschreibung
16;16;SuPa/assets/graphics/Objekte/Haus/Oberhof/Oberhof3.jpg;Beschreibung
17;17;SuPa/assets/graphics/Objekte/Appartment/Usedom/Usedom1.jpg;Beschreibung
18;18;SuPa/assets/graphics/Objekte/Appartment/Usedom/Usedom2.jpg;Beschreibung
19;19;SuPa/assets/graphics/Objekte/Appartment/Usedom/Usedom3.jpg;Beschreibung
20;20;SuPa/assets/graphics/Objekte/Appartment/Usedom/Usedom4.jpg;Beschreibung
21;21;SuPa/assets/graphics/Objekte/Appartment/Usedom/Usedom5.jpg;Beschreibung
22;22;SuPa/assets/graphics/Objekte/Haus/Usedom/Usedom1.jpg;Beschreibung
23;23;SuPa/assets/graphics/Objekte/Haus/Usedom/Usedom2.jpg;Beschreibung
24;24;SuPa/assets/graphics/Objekte/Haus/Usedom/Usedom3.jpg;Beschreibung
25;25;SuPa/assets/graphics/Objekte/Appartment/Berchtesgaden/Berchtedgaden1.jpg;Beschreibung
26;26;SuPa/assets/graphics/Objekte/Appartment/Berchtesgaden/Berchtedgaden2.jpg;Beschreibung
27;27;SuPa/assets/graphics/Objekte/Appartment/Berchtesgaden/Berchtedgaden3.jpg;Beschreibung
28;28;SuPa/assets/graphics/Objekte/Appartment/Berchtesgaden/Berchtedgaden4.jpg;Beschreibung
29;29;SuPa/assets/graphics/Objekte/Appartment/Berchtesgaden/Berchtedgaden5.jpg;Beschreibung
30;30;SuPa/assets/graphics/Objekte/Haus/Berchtesgaden/Berchtedgaden1.jpg;Beschreibung
31;31;SuPa/assets/graphics/Objekte/Haus/Berchtesgaden/Berchtedgaden2.jpg;Beschreibung
32;32;SuPa/assets/graphics/Objekte/Haus/Berchtesgaden/Berchtedgaden3.jpg;Beschreibung
